0.019753, 0.000000, 0.000000, 0.249614
0.053427, 0.000000, 0.000000, 0.353487
0.095949, 0.000000, 0.000000, 0.414269
0.143647, 0.000000, 0.000000, 0.449835
0.194374, 0.000000, 0.000000, 0.470646
0.246874, 0.000000, 0.000000, 0.482824
0.300411, 0.000000, 0.000000, 0.489949
0.354555, 0.000000, 0.000000, 0.494119
0.409054, 0.000000, 0.000000, 0.496559
0.463761, 0.000000, 0.000000, 0.497986
0.518589, 0.000000, 0.000000, 0.498822
0.573489, 0.000000, 0.000000, 0.499311
0.628430, 0.000000, 0.000000, 0.499597
0.683396, 0.000000, 0.000000, 0.499764
0.738376, 0.000000, 0.000000, 0.499862
0.793364, 0.000000, 0.000000, 0.499919
0.848357, 0.000000, 0.000000, 0.499953
0.903353, 0.000000, 0.000000, 0.499972
0.958351, 0.000000, 0.000000, 0.499984
1.013349, 0.000000, 0.000000, 0.499991
1.068349, 0.000000, 0.000000, 0.499994
1.123348, 0.000000, 0.000000, 0.499997
1.178348, 0.000000, 0.000000, 0.499998
1.233348, 0.000000, 0.000000, 0.499999
1.288348, 0.000000, 0.000000, 0.499999
1.343348, 0.000000, 0.000000, 0.500000
1.398348, 0.000000, 0.000000, 0.500000
1.453348, 0.000000, 0.000000, 0.500000
1.508348, 0.000000, 0.000000, 0.500000
1.563348, 0.000000, 0.000000, 0.500000
1.618348, 0.000000, 0.000000, 0.500000
1.673348, 0.000000, 0.000000, 0.500000
1.728348, 0.000000, 0.000000, 0.500000
1.783348, 0.000000, 0.000000, 0.500000
1.838348, 0.000000, 0.000000, 0.500000
1.893348, 0.000000, 0.000000, 0.500000
1.948348, 0.000000, 0.000000, 0.500000
2.003348, 0.000000, 0.000000, 0.500000
2.053348, 0.000000, 0.000000, 0.500000
2.108348, 0.000000, 0.000000, 0.500000
2.163348, 0.000000, 0.000000, 0.500000
2.223348, 0.000000, 0.000000, 0.500000
2.273348, 0.000000, 0.000000, 0.500000
2.328348, 0.000000, 0.000000, 0.500000
2.383348, 0.000000, 0.000000, 0.500000
2.438348, 0.000000, 0.000000, 0.500000
2.493348, 0.000000, 0.000000, 0.500000
2.548348, 0.000000, 0.000000, 0.500000
2.603348, 0.000000, 0.000000, 0.500000
2.658348, 0.000000, 0.000000, 0.500000
2.713348, 0.000000, 0.000000, 0.500000
2.768348, 0.000000, 0.000000, 0.500000
2.828348, 0.000000, 0.000000, 0.500000
2.878348, 0.000000, 0.000000, 0.500000
2.933348, 0.000000, 0.000000, 0.500000
2.993348, 0.000000, 0.000000, 0.500000
3.043348, 0.000000, 0.000000, 0.500000
3.098348, 0.000000, 0.000000, 0.500000
3.158348, 0.000000, 0.000000, 0.500000
3.208348, 0.000000, 0.000000, 0.500000
3.268348, 0.000000, 0.000000, 0.500000
3.318348, 0.000000, 0.000000, 0.500000
3.378348, 0.000000, 0.000000, 0.500000
3.428348, 0.000000, 0.000000, 0.500000
3.483348, 0.000000, 0.000000, 0.500000
3.538348, 0.000000, 0.000000, 0.500000
3.593348, 0.000000, 0.000000, 0.500000
3.653348, 0.000000, 0.000000, 0.500000
3.703348, 0.000000, 0.000000, 0.500000
3.758348, 0.000000, 0.000000, 0.500000
3.818348, 0.000000, 0.000000, 0.500000
3.873348, 0.000000, 0.000000, 0.500000
3.928348, 0.000000, 0.000000, 0.500000
3.978348, 0.000000, 0.000000, 0.500000
4.038348, 0.000000, 0.000000, 0.500000
4.093348, 0.000000, 0.000000, 0.500000
4.148348, 0.000000, 0.000000, 0.500000
4.203348, 0.000000, 0.000000, 0.500000
4.258348, 0.000000, 0.000000, 0.500000
4.308348, 0.000000, 0.000000, 0.500000
4.368348, 0.000000, 0.000000, 0.500000
4.423348, 0.000000, 0.000000, 0.500000
4.473348, 0.000000, 0.000000, 0.500000
4.528348, 0.000000, 0.000000, 0.500000
4.588348, 0.000000, 0.000000, 0.500000
4.643348, 0.000000, 0.000000, 0.500000
4.693348, 0.000000, 0.000000, 0.500000
4.753348, 0.000000, 0.000000, 0.500000
4.808348, 0.000000, 0.000000, 0.500000
4.858348, 0.000000, 0.000000, 0.500000
4.913348, 0.000000, 0.000000, 0.500000
4.968348, 0.000000, 0.000000, 0.500000
5.023348, 0.000000, 0.000000, 0.500000
5.083348, 0.000000, 0.000000, 0.500000
5.133348, -0.000011, -0.002184, 0.500000
5.193327, -0.001321, -0.048408, 0.500000
5.248168, -0.005416, -0.100668, 0.500000
5.297780, -0.011604, -0.145051, 0.500000
5.357097, -0.020624, -0.145051, 0.500000
5.406709, -0.026811, -0.100668, 0.500000
5.461550, -0.030906, -0.048408, 0.500000
5.516530, -0.032131, 0.003853, 0.500000
5.571499, -0.030483, 0.056114, 0.500000
5.631276, -0.025412, 0.113125, 0.500000
5.680804, -0.018590, 0.160635, 0.500000
5.739734, -0.007348, 0.212462, 0.500000
5.793455, 0.004441, 0.209768, 0.500000
5.847496, 0.014635, 0.160635, 0.500000
5.897024, 0.021457, 0.113125, 0.500000
5.951810, 0.026236, 0.060865, 0.500000
6.006770, 0.028145, 0.008604, 0.500000
6.061756, 0.027182, -0.043657, 0.500000
6.116615, 0.023347, -0.095917, 0.500000
6.171200, 0.016652, -0.148178, 0.500000
6.225361, 0.007114, -0.200439, 0.500000
6.278966, -0.005171, -0.244959, 0.500000
6.332312, -0.018557, -0.236874, 0.500000
6.386072, -0.030139, -0.186186, 0.500000
6.440363, -0.038904, -0.133925, 0.500000
6.495037, -0.044821, -0.081664, 0.500000
6.549946, -0.047873, -0.029404, 0.500000
6.604939, -0.048692, -0.009502, 0.500000
6.659937, -0.049215, -0.009502, 0.500000
6.714934, -0.049737, -0.009502, 0.500000
6.769932, -0.050260, -0.009502, 0.500000
6.829927, -0.050969, -0.021474, 0.500000
6.879875, -0.053157, -0.067412, 0.500000
6.934636, -0.058224, -0.111932, 0.500000
6.994237, -0.065132, -0.115819, 0.500000
7.043902, -0.070910, -0.115819, 0.500000
7.103500, -0.077844, -0.115819, 0.500000
7.158131, -0.084200, -0.115819, 0.500000
7.207797, -0.089978, -0.115819, 0.500000
7.262428, -0.096333, -0.115819, 0.500000
7.317060, -0.102689, -0.115819, 0.500000
7.371691, -0.109045, -0.115819, 0.500000
7.426323, -0.115401, -0.115819, 0.500000
7.480954, -0.121757, -0.115819, 0.500000
7.535586, -0.128113, -0.115819, 0.500000
7.590217, -0.134468, -0.115819, 0.500000
7.649815, -0.141402, -0.115819, 0.500000
7.699480, -0.147180, -0.115819, 0.500000
7.759078, -0.154114, -0.115819, 0.500000
7.808743, -0.159892, -0.115819, 0.500000
7.863375, -0.166248, -0.115819, 0.500000
7.922973, -0.173181, -0.115819, 0.500000
7.972638, -0.178959, -0.115819, 0.500000
8.032236, -0.185893, -0.115819, 0.500000
8.086867, -0.192249, -0.115819, 0.500000
8.141499, -0.198604, -0.115819, 0.500000
8.191164, -0.204383, -0.115819, 0.500000
8.245795, -0.210738, -0.115819, 0.500000
8.300427, -0.217094, -0.115819, 0.500000
8.360025, -0.224028, -0.115819, 0.500000
8.414657, -0.230384, -0.115819, 0.500000
8.469288, -0.236739, -0.115819, 0.500000
8.523920, -0.243095, -0.115819, 0.500000
8.578551, -0.249451, -0.115819, 0.500000
8.633183, -0.255807, -0.115819, 0.500000
8.687814, -0.262163, -0.115819, 0.500000
8.742446, -0.268519, -0.115819, 0.500000
8.797077, -0.274874, -0.115819, 0.500000
8.851709, -0.281230, -0.115819, 0.500000
8.906356, -0.287448, -0.103847, 0.500000
8.961177, -0.291798, -0.053159, 0.500000
9.016151, -0.293284, -0.000898, 0.500000
9.071127, -0.291896, 0.051363, 0.500000
9.125956, -0.287639, 0.103623, 0.500000
9.180488, -0.280523, 0.155884, 0.500000
9.234573, -0.270569, 0.208145, 0.500000
9.288064, -0.257803, 0.260405, 0.500000
9.340816, -0.242260, 0.312666, 0.500000
9.392684, -0.223983, 0.364926, 0.500000
9.443526, -0.203021, 0.417187, 0.500000
9.493203, -0.179432, 0.469448, 0.500000
9.541581, -0.153280, 0.521708, 0.500000
9.588527, -0.124637, 0.573969, 0.500000
9.633912, -0.093581, 0.626230, 0.500000
9.677613, -0.060196, 0.678490, 0.500000
9.719510, -0.024574, 0.730751, 0.500000
9.759490, 0.013188, 0.783012, 0.500000
9.797442, 0.052986, 0.835272, 0.500000
9.833263, 0.094713, 0.887533, 0.500000
9.866856, 0.138254, 0.939793, 0.500000
9.898129, 0.183491, 0.992054, 0.500000
9.926995, 0.230299, 1.044315, 0.500000
9.953378, 0.278551, 1.096575, 0.500000
9.977204, 0.328116, 1.148836, 0.500000
9.998408, 0.378857, 1.201097, 0.500000
10.016932, 0.430637, 1.253357, 0.500000
10.032727, 0.483314, 1.305618, 0.500000
10.045748, 0.536744, 1.357879, 0.500000
10.055961, 0.590781, 1.410139, 0.500000
10.063337, 0.645278, 1.462400, 0.500000
10.067856, 0.700086, 1.514660, 0.500000
10.069505, 0.755055, 1.566921, 0.500000
10.068282, 0.810035, 1.619182, 0.500000
10.064188, 0.864876, 1.671442, 0.500000
10.057235, 0.919428, 1.723703, 0.500000
10.047441, 0.973543, 1.775964, 0.500000
10.034834, 1.027072, 1.828224, 0.500000
10.019448, 1.079870, 1.880485, 0.500000
10.001326, 1.131792, 1.932746, 0.500000
9.980755, 1.182797, 1.966658, 0.500000
9.959535, 1.233539, 1.966900, 0.500000
9.938315, 1.284280, 1.966900, 0.500000
9.917094, 1.335021, 1.966900, 0.500000
9.895874, 1.385763, 1.966900, 0.500000
9.874653, 1.436504, 1.966900, 0.500000
9.853433, 1.487246, 1.966900, 0.500000
9.832212, 1.537987, 1.966900, 0.500000
9.810992, 1.588729, 1.966900, 0.500000
9.789771, 1.639470, 1.966900, 0.500000
9.768551, 1.690211, 1.966900, 0.500000
9.747331, 1.740953, 1.966658, 0.500000
9.726760, 1.791958, 1.932746, 0.500000
9.708638, 1.843880, 1.880485, 0.500000
9.693252, 1.896678, 1.828224, 0.500000
9.681501, 1.945275, 1.795039, 0.500000
9.669320, 1.998909, 1.794069, 0.500000
9.657141, 2.052544, 1.794069, 0.500000
9.643867, 2.111057, 1.791886, 0.500000
9.632745, 2.164916, 1.750413, 0.500000
9.624337, 2.219263, 1.698152, 0.500000
9.618780, 2.273975, 1.645891, 0.500000
9.616214, 2.323905, 1.598382, 0.500000
9.616128, 2.378899, 1.547693, 0.500000
9.617918, 2.433869, 1.535721, 0.500000
9.620022, 2.493832, 1.535721, 0.500000
9.621775, 2.543802, 1.535721, 0.500000
9.623879, 2.603765, 1.535721, 0.500000
9.625633, 2.653734, 1.535721, 0.500000
9.627737, 2.713697, 1.535721, 0.500000
9.629490, 2.763666, 1.535721, 0.500000
9.631419, 2.818632, 1.535721, 0.500000
9.633348, 2.873599, 1.535721, 0.500000
9.635277, 2.928565, 1.535721, 0.500000
9.637381, 2.988528, 1.535721, 0.500000
9.639309, 3.043494, 1.535721, 0.500000
9.641012, 3.093465, 1.541804, 0.500000
9.641417, 3.148458, 1.588880, 0.500000
9.638986, 3.203398, 1.641140, 0.500000
9.633706, 3.258138, 1.690274, 0.500000
9.626119, 3.317656, 1.699050, 0.500000
9.619724, 3.367246, 1.699050, 0.500000
9.612050, 3.426753, 1.699050, 0.500000
9.605654, 3.476342, 1.699050, 0.500000
9.598620, 3.530890, 1.699050, 0.500000
9.591585, 3.585439, 1.699050, 0.500000
9.584550, 3.639987, 1.699050, 0.500000
9.576876, 3.699494, 1.699050, 0.500000
9.569842, 3.754042, 1.699050, 0.500000
9.562807, 3.808591, 1.699050, 0.500000
9.556412, 3.858180, 1.699050, 0.500000
9.549378, 3.912728, 1.698808, 0.500000
9.543040, 3.967359, 1.664895, 0.500000
9.539189, 4.022220, 1.623422, 0.500000
9.536405, 4.077149, 1.621239, 0.500000
9.533632, 4.132079, 1.621239, 0.500000
9.530606, 4.192003, 1.621239, 0.500000
9.528085, 4.241939, 1.621239, 0.500000
9.525060, 4.301863, 1.621239, 0.500000
9.522287, 4.356793, 1.621239, 0.500000
9.519766, 4.406729, 1.621239, 0.500000
9.516741, 4.466653, 1.621239, 0.500000
9.514220, 4.516590, 1.621239, 0.500000
9.511446, 4.571520, 1.621239, 0.500000
9.508421, 4.631443, 1.621239, 0.500000
9.505648, 4.686373, 1.621239, 0.500000
9.503127, 4.736310, 1.621239, 0.500000
9.500354, 4.791240, 1.621239, 0.500000
9.497329, 4.851163, 1.621239, 0.500000
9.495215, 4.901117, 1.596586, 0.500000
9.495234, 4.956111, 1.544325, 0.500000
9.497763, 5.011051, 1.514921, 0.500000
9.500834, 5.065965, 1.514921, 0.500000
9.503906, 5.120879, 1.514921, 0.500000
9.507257, 5.180786, 1.514921, 0.500000
9.510328, 5.235700, 1.514921, 0.500000
9.513400, 5.290614, 1.514921, 0.500000
9.516192, 5.340536, 1.514921, 0.500000
9.519267, 5.395450, 1.513951, 0.500000
9.523703, 5.455280, 1.471264, 0.500000
9.530558, 5.509846, 1.424189, 0.500000
9.538112, 5.559272, 1.418106, 0.500000
9.546478, 5.613632, 1.418106, 0.500000
9.554843, 5.667992, 1.418106, 0.500000
9.563969, 5.727294, 1.418106, 0.500000
9.572335, 5.781654, 1.418106, 0.500000
9.579939, 5.831072, 1.418106, 0.500000
9.589065, 5.890374, 1.418106, 0.500000
9.597431, 5.944734, 1.418106, 0.500000
9.605036, 5.994153, 1.418106, 0.500000
9.614161, 6.053455, 1.418106, 0.500000
9.621766, 6.102873, 1.418106, 0.500000
9.630132, 6.157233, 1.418106, 0.500000
9.639258, 6.216535, 1.418106, 0.500000
9.646863, 6.265953, 1.418106, 0.500000
9.655988, 6.325255, 1.418106, 0.500000
9.664354, 6.379615, 1.418106, 0.500000
9.671959, 6.429034, 1.418106, 0.500000
9.680324, 6.483394, 1.418106, 0.500000
9.688689, 6.537754, 1.418106, 0.500000
9.697815, 6.597056, 1.418106, 0.500000
9.705420, 6.646474, 1.418106, 0.500000
9.714546, 6.705776, 1.418106, 0.500000
9.722151, 6.755194, 1.418106, 0.500000
9.731277, 6.814496, 1.418106, 0.500000
9.738882, 6.863914, 1.418106, 0.500000
9.747247, 6.918274, 1.418106, 0.500000
9.755613, 6.972635, 1.418106, 0.500000
9.764738, 7.031936, 1.418106, 0.500000
9.773104, 7.086297, 1.418106, 0.500000
9.781469, 7.140657, 1.418106, 0.500000
9.789074, 7.190075, 1.418106, 0.500000
9.797439, 7.244435, 1.418106, 0.500000
9.805870, 7.303836, 1.452261, 0.500000
9.810602, 7.353607, 1.499770, 0.500000
9.813152, 7.413545, 1.556782, 0.500000
9.812665, 7.463538, 1.604292, 0.500000
9.809388, 7.518434, 1.656552, 0.500000
9.803248, 7.573084, 1.708813, 0.500000
9.794261, 7.627338, 1.761073, 0.500000
9.782453, 7.681049, 1.813334, 0.500000
9.766391, 7.738851, 1.870346, 0.500000
9.748795, 7.790954, 1.922606, 0.500000
9.728502, 7.842067, 1.974867, 0.500000
9.707760, 7.887556, 2.022377, 0.500000
9.680052, 7.940766, 2.079388, 0.500000
9.652027, 7.988083, 2.131649, 0.500000
9.621569, 8.033872, 2.183910, 0.500000
9.588760, 8.078007, 2.236170, 0.500000
9.556970, 8.116593, 2.283680, 0.500000
9.519928, 8.157241, 2.335940, 0.500000
9.480814, 8.195898, 2.388201, 0.500000
9.439734, 8.232460, 2.440462, 0.500000
9.396800, 8.266825, 2.492722, 0.500000
9.352129, 8.298901, 2.544983, 0.500000
9.306106, 8.329013, 2.569636, 0.500000
9.255656, 8.361489, 2.569636, 0.500000
9.213613, 8.388553, 2.569636, 0.500000
9.163163, 8.421030, 2.569636, 0.500000
9.121121, 8.448094, 2.569636, 0.500000
9.074874, 8.477864, 2.569636, 0.500000
9.028628, 8.507634, 2.569636, 0.500000
8.982381, 8.537405, 2.569636, 0.500000
8.935976, 8.566925, 2.589538, 0.500000
8.888414, 8.594532, 2.641798, 0.500000
8.834962, 8.621771, 2.698810, 0.500000
8.784673, 8.644027, 2.751071, 0.500000
8.733290, 8.663625, 2.803331, 0.500000
8.680954, 8.680513, 2.855592, 0.500000
8.627807, 8.694644, 2.907853, 0.500000
8.573994, 8.705979, 2.960113, 0.500000
8.519662, 8.714489, 3.012374, 0.500000
8.464961, 8.720148, 3.064635, 0.500000
8.410038, 8.722959, 3.113768, 0.500000
8.355050, 8.724094, 3.122544, 0.500000
8.300060, 8.725142, 3.122544, 0.500000
8.245070, 8.726190, 3.122544, 0.500000
8.190080, 8.727237, 3.122544, 0.500000
8.135090, 8.728285, 3.122544, 0.500000
8.080100, 8.729332, 3.122544, 0.500000
8.025110, 8.730380, 3.122544, 0.500000
7.970120, 8.731428, 3.122544, 0.500000
7.915125, 8.731932, -3.131237, 0.500000
7.860167, 8.729926, -3.078977, 0.500000
7.805390, 8.725052, -3.026716, 0.500000
7.750942, 8.717323, -2.974455, 0.500000
7.696972, 8.706760, -2.922195, 0.500000
7.643628, 8.693393, -2.869934, 0.500000
7.590908, 8.677725, -2.845524, 0.500000
7.538107, 8.662339, -2.879436, 0.500000
7.484638, 8.649479, -2.931697, 0.500000
7.430571, 8.639430, -2.983957, 0.500000
7.376052, 8.632219, -3.036218, 0.500000
7.321231, 8.627865, -3.088479, 0.500000
7.266257, 8.626382, -3.140739, 0.500000
7.211281, 8.627771, 3.090185, 0.500000
7.156452, 8.632031, 3.037925, 0.500000
7.101921, 8.639149, 2.985664, 0.500000
7.047836, 8.649106, 2.933404, 0.500000
6.994345, 8.661874, 2.881143, 0.500000
6.941594, 8.677420, 2.828882, 0.500000
6.889727, 8.695699, 2.776622, 0.500000
6.838886, 8.716664, 2.724361, 0.500000
6.789210, 8.740254, 2.672100, 0.500000
6.740776, 8.766307, 2.630627, 0.500000
6.692754, 8.793116, 2.644122, 0.500000
6.643769, 8.818113, 2.695855, 0.500000
6.593546, 8.840518, 2.748116, 0.500000
6.542221, 8.860268, 2.800376, 0.500000
6.489935, 8.877311, 2.852637, 0.500000
6.436830, 8.891598, 2.904898, 0.500000
6.383051, 8.903093, 2.957158, 0.500000
6.328744, 8.911762, 3.009419, 0.500000
6.274060, 8.917583, 3.061680, 0.500000
6.219145, 8.920539, 3.113940, 0.500000
6.164152, 8.920623, -3.116984, 0.500000
6.109221, 8.917950, -3.075511, 0.500000
6.054335, 8.914417, -3.089006, 0.500000
5.999361, 8.912934, -3.140739, 0.500000
5.944385, 8.914324, 3.090185, 0.500000
5.889557, 8.918584, 3.037925, 0.500000
5.835026, 8.925702, 2.985664, 0.500000
5.780891, 8.935403, 2.951752, 0.500000
5.726807, 8.945393, 2.976162, 0.500000
5.672346, 8.953029, 3.028423, 0.500000
5.617561, 8.957810, 3.080684, 0.500000
5.562600, 8.959722, 3.132944, 0.500000
5.507615, 8.958761, -3.097980, 0.500000
5.452755, 8.954928, -3.045720, 0.500000
5.398170, 8.948236, -2.993459, 0.500000
5.343922, 8.939182, -2.968806, 0.500000
5.289741, 8.929726, -2.968806, 0.500000
5.235560, 8.920270, -2.968806, 0.500000
5.181379, 8.910814, -2.968806, 0.500000
5.127163, 8.901563, -2.984484, 0.500000
5.072644, 8.894353, -3.036218, 0.500000
5.017822, 8.889999, -3.088479, 0.500000
4.967857, 8.888169, -3.113131, 0.500000
4.912880, 8.886604, -3.113131, 0.500000
4.857902, 8.885038, -3.113131, 0.500000
4.797926, 8.883331, -3.113131, 0.500000
4.747946, 8.881908, -3.113131, 0.500000
4.692969, 8.880343, -3.113131, 0.500000
4.632993, 8.878636, -3.113131, 0.500000
4.583013, 8.877213, -3.113131, 0.500000
4.528036, 8.875648, -3.113131, 0.500000
4.473058, 8.874082, -3.113131, 0.500000
4.418080, 8.872517, -3.113131, 0.500000
4.363102, 8.870952, -3.113131, 0.500000
4.303127, 8.869245, -3.113131, 0.500000
4.248149, 8.867679, -3.113131, 0.500000
4.198169, 8.866257, -3.113131, 0.500000
4.138193, 8.864549, -3.113131, 0.500000
4.088214, 8.863126, -3.113131, 0.500000
4.028238, 8.861419, -3.113131, 0.500000
3.978258, 8.859996, -3.113131, 0.500000
3.923281, 8.858431, -3.113131, 0.500000
3.863305, 8.856723, -3.113131, 0.500000
3.813325, 8.855301, -3.113131, 0.500000
3.753349, 8.853593, -3.113131, 0.500000
3.703370, 8.852170, -3.113131, 0.500000
3.648392, 8.850605, -3.113131, 0.500000
3.593414, 8.849040, -3.113131, 0.500000
3.538436, 8.847475, -3.113131, 0.500000
3.483459, 8.845910, -3.113131, 0.500000
3.423483, 8.844202, -3.113131, 0.500000
3.373503, 8.842779, -3.113131, 0.500000
3.318526, 8.841214, -3.113131, 0.500000
3.263548, 8.839649, -3.113131, 0.500000
3.208570, 8.838084, -3.113131, 0.500000
3.153592, 8.836519, -3.113131, 0.500000
3.098615, 8.834953, -3.113131, 0.500000
3.043637, 8.833388, -3.113131, 0.500000
2.988659, 8.831823, -3.113131, 0.500000
2.928684, 8.830116, -3.113131, 0.500000
2.878704, 8.828693, -3.113131, 0.500000
2.818728, 8.826985, -3.113131, 0.500000
2.768748, 8.825563, -3.113131, 0.500000
2.713771, 8.823997, -3.113131, 0.500000
2.658793, 8.822432, -3.113131, 0.500000
2.603815, 8.820867, -3.113131, 0.500000
2.548837, 8.819302, -3.113131, 0.500000
2.488862, 8.817594, -3.113131, 0.500000
2.433884, 8.816029, -3.113131, 0.500000
2.378906, 8.814464, -3.113131, 0.500000
2.328927, 8.813041, -3.113131, 0.500000
2.273949, 8.811476, -3.113131, 0.500000
2.218971, 8.809911, -3.113131, 0.500000
2.163993, 8.808346, -3.113131, 0.500000
2.109016, 8.806781, -3.113131, 0.500000
2.054038, 8.805216, -3.113131, 0.500000
1.994062, 8.803508, -3.113131, 0.500000
1.944082, 8.802085, -3.113131, 0.500000
1.889105, 8.800520, -3.113131, 0.500000
1.834127, 8.798955, -3.113131, 0.500000
1.779149, 8.797390, -3.113131, 0.500000
1.724172, 8.795825, -3.113131, 0.500000
1.664196, 8.794117, -3.113131, 0.500000
1.614216, 8.792694, -3.113131, 0.500000
1.559238, 8.791129, -3.113131, 0.500000
1.499263, 8.789422, -3.113131, 0.500000
1.444285, 8.787857, -3.113131, 0.500000
1.394305, 8.786434, -3.113131, 0.500000
1.339327, 8.784869, -3.113131, 0.500000
1.284350, 8.783303, -3.113131, 0.500000
1.229372, 8.781738, -3.113131, 0.500000
1.174394, 8.780173, -3.113131, 0.500000
1.119417, 8.778608, -3.113131, 0.500000
1.064439, 8.777043, -3.113131, 0.500000
1.009461, 8.775478, -3.113131, 0.500000
0.949485, 8.773770, -3.113131, 0.500000
0.899506, 8.772347, -3.113131, 0.500000
0.844528, 8.770782, -3.113131, 0.500000
0.789550, 8.769217, -3.113131, 0.500000
0.734572, 8.767652, -3.113131, 0.500000
0.674597, 8.765944, -3.113131, 0.500000
0.624617, 8.764521, -3.113131, 0.500000
0.569639, 8.762956, -3.113131, 0.500000
0.514662, 8.761391, -3.113131, 0.500000
0.459684, 8.759826, -3.113131, 0.500000
0.404706, 8.758261, -3.113131, 0.500000
0.349728, 8.756696, -3.113131, 0.500000
0.289753, 8.754988, -3.113131, 0.500000
0.239773, 8.753565, -3.113131, 0.500000
0.184795, 8.752000, -3.113131, 0.500000
0.129818, 8.750435, -3.113131, 0.500000
0.074840, 8.748870, -3.113131, 0.500000
0.019862, 8.747305, -3.113131, 0.500000
-0.035116, 8.745740, -3.113131, 0.500000
-0.090093, 8.744174, -3.113131, 0.500000
-0.145071, 8.742609, -3.113131, 0.500000
-0.205047, 8.740902, -3.113131, 0.500000
-0.255027, 8.739479, -3.113131, 0.500000
-0.310004, 8.737914, -3.113131, 0.500000
-0.369980, 8.736206, -3.113131, 0.500000
-0.419960, 8.734784, -3.113131, 0.500000
-0.474937, 8.733218, -3.113131, 0.500000
-0.529915, 8.731653, -3.113131, 0.500000
-0.589891, 8.729946, -3.113131, 0.500000
-0.639871, 8.728523, -3.113131, 0.500000
-0.694848, 8.726958, -3.113131, 0.500000
-0.749826, 8.725393, -3.113131, 0.500000
-0.804804, 8.723827, -3.113131, 0.500000
-0.859782, 8.722262, -3.113131, 0.500000
-0.914759, 8.720697, -3.113131, 0.500000
-0.969737, 8.719132, -3.113131, 0.500000
-1.024715, 8.717567, -3.113131, 0.500000
-1.084690, 8.715859, -3.113131, 0.500000
-1.134670, 8.714437, -3.113131, 0.500000
-1.194646, 8.712729, -3.113131, 0.500000
-1.249624, 8.711164, -3.113131, 0.500000
-1.299603, 8.709741, -3.113131, 0.500000
-1.354581, 8.708176, -3.113131, 0.500000
-1.409559, 8.706611, -3.113131, 0.500000
-1.469535, 8.704903, -3.113131, 0.500000
-1.519514, 8.703480, -3.113131, 0.500000
-1.574492, 8.701915, -3.113131, 0.500000
-1.629470, 8.700350, -3.113131, 0.500000
-1.689445, 8.698643, -3.113131, 0.500000
-1.744423, 8.697078, -3.113131, 0.500000
-1.799401, 8.695512, -3.113131, 0.500000
-1.854379, 8.693947, -3.113131, 0.500000
-1.909356, 8.692382, -3.113131, 0.500000
-1.964334, 8.690817, -3.113131, 0.500000
-2.019312, 8.689252, -3.113131, 0.500000
-2.074289, 8.687687, -3.113131, 0.500000
-2.129267, 8.686121, -3.113131, 0.500000
-2.184245, 8.684556, -3.113131, 0.500000
-2.239223, 8.682991, -3.113131, 0.500000
-2.294200, 8.681426, -3.113131, 0.500000
-2.349178, 8.679861, -3.113131, 0.500000
-2.404156, 8.678296, -3.113131, 0.500000
-2.459134, 8.676731, -3.113131, 0.500000
-2.514111, 8.675165, -3.113131, 0.500000
-2.569089, 8.673600, -3.113131, 0.500000
-2.624067, 8.672035, -3.113131, 0.500000
-2.679044, 8.670470, -3.113131, 0.500000
-2.734022, 8.668905, -3.113131, 0.500000
-2.789000, 8.667340, -3.113131, 0.500000
-2.843978, 8.665774, -3.113131, 0.500000
-2.898955, 8.664209, -3.113131, 0.500000
-2.953933, 8.662644, -3.113131, 0.500000
-3.008911, 8.661079, -3.113131, 0.500000
-3.063889, 8.659514, -3.113131, 0.500000
-3.118866, 8.657949, -3.113131, 0.500000
-3.173844, 8.656383, -3.113131, 0.500000
-3.228822, 8.654818, -3.113131, 0.500000
-3.283799, 8.653253, -3.113131, 0.500000
-3.338777, 8.651688, -3.113131, 0.500000
-3.393755, 8.650123, -3.113131, 0.500000
-3.448733, 8.648558, -3.113131, 0.500000
-3.503710, 8.646993, -3.113131, 0.500000
-3.558688, 8.645427, -3.113131, 0.500000
-3.613666, 8.643862, -3.113131, 0.500000
-3.668644, 8.642297, -3.113131, 0.500000
-3.723621, 8.640732, -3.113131, 0.500000
-3.778599, 8.639167, -3.113131, 0.500000
-3.833577, 8.637602, -3.113131, 0.500000
-3.888554, 8.636036, -3.113131, 0.500000
-3.943532, 8.634482, -3.115315, 0.500000
-3.998526, 8.633997, 3.126397, 0.500000
-4.053473, 8.636269, 3.074136, 0.500000
-4.108228, 8.641391, 3.025003, 0.500000
-4.162807, 8.648181, 3.016227, 0.500000
-4.217375, 8.655058, 3.016227, 0.500000
-4.271944, 8.661935, 3.016227, 0.500000
-4.326512, 8.668812, 3.016227, 0.500000
-4.381080, 8.675689, 3.016227, 0.500000
-4.435649, 8.682566, 3.016227, 0.500000
-4.490217, 8.689444, 3.016227, 0.500000
-4.544785, 8.696321, 3.016227, 0.500000
-4.599354, 8.703198, 3.016227, 0.500000
-4.653922, 8.710075, 3.016227, 0.500000
-4.708501, 8.716865, 3.025003, 0.500000
-4.763256, 8.721987, 3.074136, 0.500000
-4.818203, 8.724259, 3.126397, 0.500000
-4.873197, 8.723774, -3.115315, 0.500000
-4.928175, 8.722219, -3.113131, 0.500000
-4.983152, 8.720654, -3.113131, 0.500000
-5.038130, 8.719089, -3.113131, 0.500000
-5.093108, 8.717524, -3.113131, 0.500000
-5.148086, 8.715959, -3.113131, 0.500000
-5.203063, 8.714394, -3.113131, 0.500000
-5.258041, 8.712828, -3.113131, 0.500000
-5.313019, 8.711263, -3.113131, 0.500000
-5.367996, 8.709698, -3.113131, 0.500000
-5.422974, 8.708133, -3.113131, 0.500000
-5.477952, 8.706568, -3.113131, 0.500000
-5.532930, 8.705003, -3.113131, 0.500000
-5.587907, 8.703438, -3.113131, 0.500000
-5.642885, 8.701872, -3.113131, 0.500000
-5.697863, 8.700307, -3.113131, 0.500000
-5.747843, 8.698884, -3.113131, 0.500000
-5.802820, 8.697319, -3.113131, 0.500000
-5.862796, 8.695612, -3.113131, 0.500000
-5.912776, 8.694189, -3.113131, 0.500000
-5.967753, 8.692624, -3.113131, 0.500000
-6.022731, 8.691059, -3.113131, 0.500000
-6.077709, 8.689493, -3.113131, 0.500000
-6.132687, 8.687928, -3.113131, 0.500000
-6.192662, 8.686221, -3.113131, 0.500000
-6.242642, 8.684798, -3.113131, 0.500000
-6.297620, 8.683233, -3.113131, 0.500000
-6.352598, 8.681668, -3.113131, 0.500000
-6.407575, 8.680103, -3.113131, 0.500000
-6.467551, 8.678395, -3.113131, 0.500000
-6.517531, 8.676972, -3.113131, 0.500000
-6.577506, 8.675265, -3.113131, 0.500000
-6.627486, 8.673842, -3.113131, 0.500000
-6.682464, 8.672277, -3.113131, 0.500000
-6.737442, 8.670712, -3.113131, 0.500000
-6.792602, 8.669141, -3.113131, 0.508853
-6.849574, 8.667519, -3.113131, 0.525923
-6.913360, 8.665703, -3.113131, 0.536581
-6.972693, 8.664014, -3.113131, 0.542148
-7.027049, 8.662467, -3.113131, 0.545176
-7.087701, 8.660740, -3.113131, 0.563070
-7.150654, 8.658948, -3.113131, 0.580465
-7.220996, 8.656945, -3.113131, 0.591326
-7.280389, 8.655254, -3.113131, 0.596599
-7.346197, 8.653381, -3.113131, 0.600084
-7.418321, 8.651328, -3.113131, 0.602260
-7.484611, 8.649440, -3.113131, 0.603397
-7.544960, 8.647722, -3.113131, 0.604015
-7.611399, 8.645831, -3.113131, 0.604424
-7.677873, 8.643939, -3.113131, 0.604663
-7.744367, 8.642046, -3.113131, 0.604803
-7.810873, 8.640152, -3.113131, 0.604885
-7.877387, 8.638259, -3.113131, 0.604932
-7.943904, 8.636365, -3.113131, 0.604960
-8.010424, 8.634471, -3.113131, 0.604977
-8.076945, 8.632577, -3.113131, 0.604986
-8.143467, 8.630684, -3.113131, 0.604992
-8.209989, 8.628790, -3.113131, 0.604995
-8.282559, 8.626724, -3.113131, 0.604997
-8.343034, 8.625002, -3.113131, 0.604998
-8.409557, 8.623108, -3.113131, 0.604999
-8.482128, 8.621042, -3.113131, 0.604999
-8.542603, 8.619321, -3.113131, 0.605000
-8.609126, 8.617427, -3.113131, 0.605000
-8.675649, 8.615533, -3.113131, 0.605000
-8.742172, 8.613639, -3.113131, 0.605000
-8.808695, 8.611745, -3.113131, 0.605000
-8.881266, 8.609679, -3.113131, 0.605000
-8.941742, 8.607958, -3.113131, 0.605000
-9.008265, 8.606064, -3.113131, 0.605000
-9.074788, 8.604170, -3.113131, 0.605000
-9.141311, 8.602276, -3.113131, 0.605000
-9.213881, 8.600210, -3.113131, 0.605000
-9.280404, 8.598316, -3.113131, 0.605000
-9.346927, 8.596422, -3.113131, 0.605000
-9.407403, 8.594701, -3.113131, 0.605000
-9.479973, 8.592635, -3.113131, 0.605000
-9.540449, 8.590913, -3.113131, 0.605000
-9.613020, 8.588847, -3.113131, 0.605000
-9.673495, 8.587125, -3.113131, 0.605000
-9.746066, 8.585059, -3.113131, 0.605000
-9.806541, 8.583338, -3.113131, 0.605000
-9.873064, 8.581444, -3.113131, 0.605000
-9.939593, 8.580021, -3.116607, 0.605000
-10.005625, 8.587650, 3.116438, 0.605000
-10.070815, 8.601007, 3.057905, 0.605000
-10.142769, 8.610356, 3.044970, 0.605000
-10.209008, 8.616777, 3.044970, 0.605000
-10.275248, 8.623197, 3.044970, 0.605000
-10.335466, 8.629034, 3.044970, 0.605000
-10.401705, 8.635454, 3.044970, 0.605000
-10.473966, 8.642458, 3.044970, 0.605000
-10.534184, 8.648294, 3.044970, 0.605000
-10.600424, 8.654715, 3.044970, 0.605000
-10.666663, 8.661135, 3.044970, 0.605000
-10.733071, 8.664193, 3.065639, 0.605000
-10.799254, 8.657374, 3.126227, 0.605000
-10.864871, 8.646332, -3.095756, 0.605000
-10.930146, 8.633442, -3.048641, 0.605000
-10.996336, 8.626588, -3.046498, 0.605000
-11.062585, 8.620269, -3.046498, 0.605000
-11.134857, 8.613375, -3.046498, 0.605000
-11.201106, 8.607056, -3.046498, 0.605000
-11.261333, 8.601311, -3.046498, 0.605000
-11.327582, 8.594992, -3.046498, 0.605000
-11.393832, 8.588673, -3.046498, 0.605000
-11.466104, 8.581780, -3.046498, 0.605000
-11.526330, 8.576035, -3.046498, 0.605000
-11.592580, 8.569716, -3.046498, 0.605000
-11.658829, 8.563397, -3.046498, 0.605000
-11.731101, 8.556504, -3.046498, 0.605000
-11.797350, 8.550185, -3.046498, 0.605000
-11.857577, 8.544440, -3.046498, 0.605000
-11.923826, 8.538121, -3.046498, 0.605000
-11.990076, 8.531802, -3.046498, 0.605000
-12.056325, 8.525483, -3.046498, 0.605000
-12.128597, 8.518590, -3.046498, 0.605000
-12.188824, 8.512845, -3.046498, 0.605000
-12.255073, 8.506526, -3.046498, 0.605000
-12.321322, 8.500207, -3.046498, 0.605000
-12.387571, 8.493888, -3.046498, 0.605000
-12.459850, 8.487071, -3.047162, 0.605000
-12.520262, 8.487698, -3.083351, 0.605000
-12.586294, 8.495902, 3.138651, 0.605000
-12.657607, 8.509437, 3.072017, 0.605000
-12.716238, 8.524324, 3.016489, 0.605000
-12.779669, 8.544424, 2.955529, 0.605000
-12.841750, 8.568370, 2.894327, 0.605000
-12.902260, 8.596049, 2.833367, 0.605000
-12.955707, 8.624381, 2.777839, 0.605000
-13.012578, 8.658924, 2.716638, 0.605000
-13.067242, 8.696862, 2.655677, 0.605000
-13.119480, 8.738078, 2.594476, 0.605000
-13.169114, 8.782395, 2.533516, 0.605000
-13.215940, 8.829669, 2.472314, 0.605000
-13.259803, 8.879704, 2.411354, 0.605000
-13.300519, 8.932331, 2.350153, 0.605000
-13.337959, 8.987339, 2.289192, 0.605000
-13.371959, 9.044536, 2.227991, 0.605000
-13.399791, 9.098244, 2.172463, 0.605000
-13.426918, 9.159003, 2.111503, 0.605000
-13.450273, 9.221309, 2.050301, 0.605000
-13.471368, 9.290763, 1.983668, 0.605000
-13.486610, 9.355533, 1.922707, 0.605000
-13.497005, 9.415125, 1.867179, 0.605000
-13.505091, 9.487260, 1.800546, 0.605000
-13.508884, 9.553698, 1.743871, 0.605000
-13.517954, 9.619598, 1.734509, 0.605000
-13.528800, 9.685258, 1.734508, 0.605000
-13.539646, 9.750919, 1.734508, 0.605000
-13.550493, 9.816579, 1.734508, 0.605000
-13.561339, 9.882239, 1.734508, 0.605000
-13.572186, 9.947899, 1.734508, 0.605000
-13.583032, 10.013559, 1.734508, 0.605000
-13.593878, 10.079219, 1.734508, 0.605000
-13.604725, 10.144880, 1.734508, 0.605000
-13.615571, 10.210540, 1.734508, 0.605000
-13.626418, 10.276200, 1.734508, 0.605000
-13.637264, 10.341860, 1.734508, 0.605000
-13.648110, 10.407520, 1.734508, 0.605000
-13.658957, 10.473180, 1.734508, 0.605000
-13.669803, 10.538841, 1.734508, 0.605000
-13.680650, 10.604501, 1.734508, 0.605000
-13.691496, 10.670161, 1.734508, 0.605000
-13.702343, 10.735821, 1.734508, 0.605000
-13.713189, 10.801481, 1.734508, 0.605000
-13.724035, 10.867141, 1.734508, 0.605000
-13.734882, 10.932802, 1.734508, 0.605000
-13.745728, 10.998462, 1.734508, 0.605000
-13.756575, 11.064122, 1.734508, 0.605000
-13.767421, 11.129782, 1.734508, 0.605000
-13.778267, 11.195442, 1.734508, 0.605000
-13.789114, 11.261102, 1.734508, 0.605000
-13.799960, 11.326763, 1.734508, 0.605000
-13.810807, 11.392423, 1.734508, 0.605000
-13.821653, 11.458083, 1.734508, 0.605000
-13.827769, 11.495107, 1.734508, 0.094729
-13.828431, 11.499117, 1.734508, 0.009303
-13.828497, 11.499511, 1.734508, 0.000914
-13.828503, 11.499549, 1.734508, 0.000090
-13.828504, 11.499553, 1.734508, 0.000009
-13.828504, 11.499553, 1.734508, 0.000001
-13.828504, 11.499554, 1.734508, 0.000000
-13.828504, 11.499554, 1.734508, 0.000000
-13.828504, 11.499554, 1.734508, 0.000000
-13.828504, 11.499554, 1.734508, 0.000000
-13.828504, 11.499554, 1.734508, 0.000000
-13.828504, 11.499554, 1.734508, 0.000000
-13.828504, 11.499554, 1.734508, 0.000000
-13.828504, 11.499554, 1.734508, 0.000000
-13.828504, 11.499554, 1.734508, 0.000000
-13.828504, 11.499554, 1.734508, 0.000000
-13.828504, 11.499554, 1.734508, 0.000000
-13.828504, 11.499554, 1.734508, 0.000000
-13.828504, 11.499554, 1.734508, 0.000000
-13.828504, 11.499554, 1.734508, 0.000000
-13.828504, 11.499554, 1.734508, 0.000000
-13.828504, 11.499554, 1.734508, 0.000000
-13.828504, 11.499554, 1.734508, 0.000000
-13.828504, 11.499554, 1.734508, 0.000000
-13.828504, 11.499554, 1.734508, 0.000000
-13.828504, 11.499554, 1.734508, 0.000000
-13.828504, 11.499554, 1.734508, 0.000000
-13.828504, 11.499554, 1.734508, 0.000000
-13.828504, 11.499554, 1.734508, 0.000000
-13.828504, 11.499554, 1.734508, 0.000000
-13.828504, 11.499554, 1.734508, 0.000000
-13.828504, 11.499554, 1.734508, 0.000000
-13.828504, 11.499554, 1.734508, 0.000000
-13.828504, 11.499554, 1.734508, 0.000000
-13.828504, 11.499554, 1.734508, 0.000000
-13.828504, 11.499554, 1.734508, 0.000000
-13.828504, 11.499554, 1.734508, 0.000000
-13.828504, 11.499554, 1.734508, 0.000000
-13.828504, 11.499554, 1.734508, 0.000000
-13.828504, 11.499554, 1.734508, 0.000000
-13.828504, 11.499554, 1.734508, 0.000000
-13.828504, 11.499554, 1.734508, 0.000000
-13.828504, 11.499554, 1.734508, 0.000000
-13.828504, 11.499554, 1.734508, 0.000000
-13.828504, 11.499554, 1.734508, 0.000000
-13.828504, 11.499554, 1.734508, 0.000000
-13.828504, 11.499554, 1.734508, 0.000000
-13.828504, 11.499554, 1.734508, 0.000000
-13.828504, 11.499554, 1.734508, 0.000000
-13.828504, 11.499554, 1.734508, 0.000000
-13.828504, 11.499554, 1.734508, 0.000000
-13.828504, 11.499554, 1.734508, 0.000000
-13.828504, 11.499554, 1.734508, 0.000000
-13.828504, 11.499554, 1.734508, 0.000000
-13.828504, 11.499554, 1.734508, 0.000000
-13.828504, 11.499554, 1.734508, 0.000000
-13.828504, 11.499554, 1.734508, 0.000000
-13.828504, 11.499554, 1.734508, 0.000000
